ceds:C200219,ceds:P600316
ceds:C200219,ceds:P600255
ceds:C200219,ceds:P600308
ceds:C200219,ceds:P600309
ceds:C200219,ceds:P600310
ceds:C200219,ceds:P600311
ceds:C200219,ceds:P600316
ceds:C200219,ceds:P600375
ceds:C200219,ceds:P600379
ceds:C200219,ceds:P600383
ceds:C200257,ceds:P600513
ceds:C200257,ceds:P600510
ceds:C200257,ceds:P002116
ceds:C200257,ceds:P002117
ceds:C200257,ceds:P600062
ceds:C200209,ceds:P001917
ceds:C200209,ceds:P000150
ceds:C200209,ceds:P001918
ceds:C200209,ceds:P000004
ceds:C200210,ceds:P001918
ceds:C200210,ceds:P001917
ceds:C200210,ceds:P000713
ceds:C200210,ceds:P000783
ceds:C200210,ceds:P002026
ceds:C200210,ceds:P000226
ceds:C200210,ceds:P000294
ceds:C200210,ceds:P000561
ceds:C200210,ceds:P000566
ceds:C200210,ceds:P000571
ceds:C200210,ceds:P000586
ceds:C200210,ceds:P000138
ceds:C200210,ceds:P000041
ceds:C200210,ceds:P000042
ceds:C200210,ceds:P000123
ceds:C200210,ceds:P000128
ceds:C200210,ceds:P000130
ceds:C200210,ceds:P000073
ceds:C200210,ceds:P000074
ceds:C200210,ceds:P000081
ceds:C200211,ceds:P001527
ceds:C200211,ceds:P001528
ceds:C200211,ceds:P001917
ceds:C200211,ceds:P001918
ceds:C200212,ceds:P001918
ceds:C200212,ceds:P001917
ceds:C200212,ceds:P000711
ceds:C200212,ceds:P000584
ceds:C200212,ceds:P000132
ceds:C200212,ceds:P000133
ceds:C200212,ceds:P000046
ceds:C200216,ceds:P002068
ceds:C200217,ceds:P002113
ceds:C200219,ceds:P001210
ceds:C200219,ceds:P002017
ceds:C200219,ceds:P001917
ceds:C200219,ceds:P001918
ceds:C200219,ceds:P000092
ceds:C200219,ceds:P000093
ceds:C200219,ceds:P000094
ceds:C200219,ceds:P000099
ceds:C200219,ceds:P000100
ceds:C200219,ceds:P000108
ceds:C200219,ceds:P000110
ceds:C200219,ceds:P000529
ceds:C200219,ceds:P000530
ceds:C200219,ceds:P000531
ceds:C200219,ceds:P000532
ceds:C200219,ceds:P000610
ceds:C200219,ceds:P001590
ceds:C200219,ceds:P001654
ceds:C200219,ceds:P001862
ceds:C200223,ceds:P000129
ceds:C200223,ceds:P001918
ceds:C200223,ceds:P001917
ceds:C200220,ceds:P001918
ceds:C200220,ceds:P001917
ceds:C200220,ceds:P000125
ceds:C200220,ceds:P001518
ceds:C200220,ceds:P001574
